1,192.168.5.1,15
2,192.168.5.2,
3,192.168.5.3,34
4,192.168.5.4,
5,192.168.5.5,
6,192.168.5.6,
7,192.168.5.7,44
8,192.168.5.8,
9,192.168.5.9,59
10,192.168.5.10,
11,192.168.5.11,42
12,192.168.5.12,38
13,192.168.5.13,178
14,192.168.5.14,
15,192.168.5.15,29
16,192.168.5.16,
17,192.168.5.17,41
18,192.168.5.18,45
19,192.168.5.19,28
20,192.168.5.20,8
21,192.168.5.21,2
22,192.168.5.22,4
23,192.168.5.23,5
24,192.168.5.24,6
25,192.168.5.25,1
26,192.168.5.26,334
27,192.168.5.27,
28,192.168.5.28,
29,192.168.5.29,380
30,192.168.5.30,53
31,192.168.5.31,131
32,192.168.5.32,30
33,192.168.5.33,
34,192.168.5.34,
35,192.168.5.35,
36,192.168.5.36,
37,192.168.5.37,31
38,192.168.5.38,387
39,192.168.5.39,71
40,192.168.5.40,70
41,192.168.5.41,324
42,192.168.5.42,89
43,192.168.5.43,179
44,192.168.5.44,144
45,192.168.5.45,379
46,192.168.5.46,67
47,192.168.5.47,105
48,192.168.5.48,82
49,192.168.5.49,75
50,192.168.5.50,
51,192.168.5.51,72
52,192.168.5.52,106
53,192.168.5.53,
54,192.168.5.54,91
55,192.168.5.55,
56,192.168.5.56,92
57,192.168.5.57,98
58,192.168.5.58,
59,192.168.5.59,
60,192.168.5.60,
61,192.168.5.61,93
62,192.168.5.62,96
63,192.168.5.63,94
64,192.168.5.64,95
65,192.168.5.65,104
66,192.168.5.66,97
67,192.168.5.67,87
68,192.168.5.68,78
69,192.168.5.69,81
70,192.168.5.70,80
71,192.168.5.71,83
72,192.168.5.72,88
73,192.168.5.73,84
74,192.168.5.74,90
75,192.168.5.75,86
76,192.168.5.76,
77,192.168.5.77,101
78,192.168.5.78,77
79,192.168.5.79,76
80,192.168.5.80,85
81,192.168.5.81,102
82,192.168.5.82,
83,192.168.5.83,141
84,192.168.5.84,139
85,192.168.5.85,130
86,192.168.5.86,411
87,192.168.5.87,142
88,192.168.5.88,
89,192.168.5.89,137
90,192.168.5.90,
91,192.168.5.91,145
92,192.168.5.92,
93,192.168.5.93,134
94,192.168.5.94,138
95,192.168.5.95,
96,192.168.5.96,147
97,192.168.5.97,146
98,192.168.5.98,
99,192.168.5.99,
100,192.168.5.100,
101,192.168.5.101,49
102,192.168.5.102,
103,192.168.5.103,37
104,192.168.5.104,
105,192.168.5.105,48
106,192.168.5.106,
107,192.168.5.107,16
108,192.168.5.108,9
109,192.168.5.109,
110,192.168.5.110,
111,192.168.5.111,
112,192.168.5.112,
113,192.168.5.113,
114,192.168.5.114,
115,192.168.5.115,
116,192.168.5.116,
117,192.168.5.117,46
118,192.168.5.118,
119,192.168.5.119,
120,192.168.5.120,
121,192.168.5.121,
122,192.168.5.122,
123,192.168.5.123,
124,192.168.5.124,
125,192.168.5.125,
126,192.168.5.126,
127,192.168.5.127,388
128,192.168.5.128,
129,192.168.5.129,
130,192.168.5.130,176
131,192.168.5.131,171
132,192.168.5.132,398
133,192.168.5.133,
134,192.168.5.134,410
135,192.168.5.135,
136,192.168.5.136,390
137,192.168.5.137,
138,192.168.5.138,
139,192.168.5.139,405
140,192.168.5.140,
141,192.168.5.141,
142,192.168.5.142,391
143,192.168.5.143,
144,192.168.5.144,
145,192.168.5.145,
146,192.168.5.146,
147,192.168.5.147,413
148,192.168.5.148,
149,192.168.5.149,408
150,192.168.5.150,409
151,192.168.5.151,
152,192.168.5.152,51
153,192.168.5.153,165
154,192.168.5.154,153
155,192.168.5.155,
156,192.168.5.156,159
157,192.168.5.157,154
158,192.168.5.158,103
159,192.168.5.159,
160,192.168.5.160,332
161,192.168.5.161,
162,192.168.5.162,160
163,192.168.5.163,
164,192.168.5.164,156
165,192.168.5.165,
166,192.168.5.166,193
167,192.168.5.167,173
168,192.168.5.168,363
169,192.168.5.169,
170,192.168.5.170,192
171,192.168.5.171,174
172,192.168.5.172,
173,192.168.5.173,
174,192.168.5.174,195
175,192.168.5.175,
176,192.168.5.176,
177,192.168.5.177,182
178,192.168.5.178,322
179,192.168.5.179,
180,192.168.5.180,
181,192.168.5.181,
182,192.168.5.182,
183,192.168.5.183,
184,192.168.5.184,47
185,192.168.5.185,
186,192.168.5.186,
187,192.168.5.187,
188,192.168.5.188,
189,192.168.5.189,
190,192.168.5.190,
191,192.168.5.191,
192,192.168.5.192,
193,192.168.5.193,
194,192.168.5.194,
195,192.168.5.195,
196,192.168.5.196,
197,192.168.5.197,
198,192.168.5.198,
199,192.168.5.199,14
200,192.168.5.200,
201,192.168.5.201,
202,192.168.5.202,327
203,192.168.5.203,
204,192.168.5.204,329
205,192.168.5.205,323
206,192.168.5.206,
207,192.168.5.207,325
208,192.168.5.208,
209,192.168.5.209,
210,192.168.5.210,
211,192.168.5.211,
212,192.168.5.212,
213,192.168.5.213,
214,192.168.5.214,
215,192.168.5.215,
216,192.168.5.216,
217,192.168.5.217,13
218,192.168.5.218,
219,192.168.5.219,
220,192.168.5.220,20
221,192.168.5.221,
222,192.168.5.222,
223,192.168.5.223,
224,192.168.5.224,
225,192.168.5.225,
226,192.168.5.226,
227,192.168.5.227,
228,192.168.5.228,
229,192.168.5.229,
230,192.168.5.230,
231,192.168.5.231,
232,192.168.5.232,
233,192.168.5.233,
234,192.168.5.234,
235,192.168.5.235,
236,192.168.5.236,
237,192.168.5.237,
238,192.168.5.238,
239,192.168.5.239,
240,192.168.5.240,166
241,192.168.5.241,
242,192.168.5.242,
243,192.168.5.243,
244,192.168.5.244,
245,192.168.5.245,
246,192.168.5.246,
247,192.168.5.247,
248,192.168.5.248,
249,192.168.5.249,
250,192.168.5.250,10
251,192.168.5.251,
252,192.168.5.252,
253,192.168.5.253,
254,192.168.5.254,
255,,
256,192.168.60.1,
257,192.168.60.2,330
258,192.168.60.3,335
259,192.168.60.4,337
260,192.168.60.5,343
261,192.168.60.6,358
262,192.168.60.7,342
263,192.168.60.8,350
264,192.168.60.9,356
265,192.168.60.10,
266,192.168.60.11,161
267,192.168.60.12,
268,192.168.60.13,354
269,192.168.60.14,360
270,192.168.60.15,
271,192.168.60.16,344
272,192.168.60.17,352
273,192.168.60.18,345
274,192.168.60.19,355
275,192.168.60.20,
276,192.168.60.21,353
277,192.168.60.22,349
278,192.168.60.23,348
279,192.168.60.24,347
280,192.168.60.25,189
281,192.168.60.26,
282,192.168.60.27,370
283,192.168.60.28,366
284,192.168.60.29,374
285,192.168.60.30,
286,192.168.60.31,
287,192.168.60.32,
288,192.168.60.33,
289,192.168.60.34,
290,192.168.60.35,
291,192.168.60.36,
292,192.168.60.37,
293,192.168.60.38,357
294,192.168.60.39,
295,192.168.60.40,
296,192.168.60.41,
297,192.168.60.42,373
298,192.168.60.43,318
299,192.168.60.44,371
300,192.168.60.45,
301,192.168.60.46,319
302,192.168.60.47,389
303,192.168.60.48,381
304,192.168.60.49,384
305,192.168.60.50,382
306,192.168.60.51,385
307,192.168.60.52,378
308,192.168.60.53,33
309,192.168.60.54,336
310,192.168.60.55,351
311,192.168.60.56,320
312,192.168.60.57,
313,192.168.60.58,135
314,192.168.60.59,172
315,192.168.60.60,
316,192.168.60.61,136
317,192.168.60.62,
318,192.168.60.63,
319,192.168.60.64,50
320,192.168.60.65,372
321,192.168.60.66,375
322,192.168.60.67,
323,192.168.60.68,407
324,192.168.60.69,
325,192.168.60.70,
326,192.168.60.71,181
327,192.168.60.72,346
328,192.168.60.73,143
329,192.168.60.74,175
330,192.168.60.75,321
331,192.168.60.76,190
332,192.168.60.77,185
333,192.168.60.78,396
334,192.168.60.79,183
335,192.168.60.80,
336,192.168.60.81,
337,192.168.60.82,132
338,192.168.60.83,
339,192.168.60.84,
340,192.168.60.85,
341,192.168.60.86,
342,192.168.60.87,
343,192.168.60.88,
344,192.168.60.89,
345,192.168.60.90,361
346,192.168.60.91,
347,192.168.60.92,
348,192.168.60.93,
349,192.168.60.94,
350,192.168.60.95,
351,192.168.60.96,
352,192.168.60.97,
353,192.168.60.98,133
354,192.168.60.99,152
355,192.168.60.100,392
356,192.168.60.101,
357,192.168.60.102,
358,192.168.60.103,184
359,192.168.60.104,
360,192.168.60.105,
361,192.168.60.106,328
362,192.168.60.107,
363,192.168.60.108,177
364,192.168.60.109,
365,192.168.60.110,99
366,192.168.60.111,100
367,192.168.60.112,
368,192.168.60.113,64
369,192.168.60.114,79
370,192.168.60.115,397
371,192.168.60.116,168
372,192.168.60.117,
373,192.168.60.118,187
374,192.168.60.119,
375,192.168.60.120,
376,192.168.60.121,
377,192.168.60.122,62
378,192.168.60.123,61
379,192.168.60.124,399
380,192.168.60.125,400
381,192.168.60.126,401
382,192.168.60.127,
383,192.168.60.128,
384,192.168.60.129,
385,192.168.60.130,66
386,192.168.60.131,412
387,192.168.60.132,
388,192.168.60.133,394
389,192.168.60.134,
390,192.168.60.135,74
391,192.168.60.136,
392,192.168.60.137,167
393,192.168.60.138,
394,192.168.60.139,40
395,192.168.60.140,27
396,192.168.60.141,
397,192.168.60.142,
398,192.168.60.143,65
399,192.168.60.144,
400,192.168.60.145,
401,192.168.60.146,404
402,192.168.60.147,
403,192.168.60.148,
404,192.168.60.149,39
405,192.168.60.150,180
406,192.168.60.151,
407,192.168.60.152,
408,192.168.60.153,
409,192.168.60.154,
410,192.168.60.155,
411,192.168.60.156,
412,192.168.60.157,148
413,192.168.60.158,
414,192.168.60.159,149
415,192.168.60.160,52
416,192.168.60.161,162
417,192.168.60.162,
418,192.168.60.163,
419,192.168.60.164,
420,192.168.60.165,
421,192.168.60.166,
422,192.168.60.167,
423,192.168.60.168,188
424,192.168.60.169,
425,192.168.60.170,
426,192.168.60.171,
427,192.168.60.172,
428,192.168.60.173,186
429,192.168.60.174,
430,192.168.60.175,
431,192.168.60.176,
432,192.168.60.177,
433,192.168.60.178,
434,192.168.60.179,
435,192.168.60.180,
436,192.168.60.181,365
437,192.168.60.182,68
438,192.168.60.183,157
439,192.168.60.184,
440,192.168.60.185,
441,192.168.60.186,
442,192.168.60.187,
443,192.168.60.188,
444,192.168.60.189,383
445,192.168.60.190,
446,192.168.60.191,
447,192.168.60.192,
448,192.168.60.193,
449,192.168.60.194,
450,192.168.60.195,129
451,192.168.60.196,
452,192.168.60.197,69
453,192.168.60.198,
454,192.168.60.199,402
455,192.168.60.200,395
456,192.168.60.201,
457,192.168.60.202,
458,192.168.60.203,164
459,192.168.60.204,326
460,192.168.60.205,
461,192.168.60.206,
462,192.168.60.207,
463,192.168.60.208,
464,192.168.60.209,
465,192.168.60.210,
466,192.168.60.211,
467,192.168.60.212,
468,192.168.60.213,333
469,192.168.60.214,
470,192.168.60.215,
471,192.168.60.216,
472,192.168.60.217,403
473,192.168.60.218,163
474,192.168.60.219,
475,192.168.60.220,
476,192.168.60.221,
477,192.168.60.222,
478,192.168.60.223,
479,192.168.60.224,
480,192.168.60.225,140
481,192.168.60.226,
482,192.168.60.227,
483,192.168.60.228,158
484,192.168.60.229,
485,192.168.60.230,63
486,192.168.60.231,
487,192.168.60.232,406
488,192.168.60.233,362
489,192.168.60.234,
490,192.168.60.235,
491,192.168.60.236,
492,192.168.60.237,
493,192.168.60.238,73
494,192.168.60.239,359
495,192.168.60.240,386
496,192.168.60.241,155
497,192.168.60.242,
498,192.168.60.243,
499,192.168.60.244,
500,192.168.60.245,
501,192.168.60.246,43
502,192.168.60.247,32
503,192.168.60.248,
504,192.168.60.249,
505,192.168.60.250,
506,192.168.60.251,
507,192.168.60.252,
508,192.168.60.253,
509,192.168.60.254,
510,,
511,172.24.33.1,11
512,172.24.33.2,12
513,172.24.33.3,
514,172.24.33.4,
515,172.24.33.5,
516,172.24.33.6,
517,172.24.33.7,
518,172.24.33.8,
519,172.24.33.9,
520,172.24.33.10,
521,172.24.33.11,
522,172.24.33.12,
523,172.24.33.13,
524,172.24.33.14,
525,172.24.33.15,
526,172.24.33.16,
527,172.24.33.17,
528,172.24.33.18,
529,172.24.33.19,
530,172.24.33.20,
531,172.24.33.21,
532,172.24.33.22,
533,172.24.33.23,
534,172.24.33.24,
535,172.24.33.25,
536,172.24.33.26,
537,172.24.33.27,
538,172.24.33.28,
539,172.24.33.29,
540,172.24.33.30,
541,172.24.33.31,
542,172.24.33.32,
543,172.24.33.33,
544,172.24.33.34,
545,172.24.33.35,
546,172.24.33.36,
547,172.24.33.37,
548,172.24.33.38,
549,172.24.33.39,
550,172.24.33.40,
551,172.24.33.41,
552,172.24.33.42,
553,172.24.33.43,
554,172.24.33.44,
555,172.24.33.45,
556,172.24.33.46,
557,172.24.33.47,
558,172.24.33.48,
559,172.24.33.49,
560,172.24.33.50,
561,172.24.33.51,
562,172.24.33.52,
563,172.24.33.53,
564,172.24.33.54,
565,172.24.33.55,
566,172.24.33.56,
567,172.24.33.57,
568,172.24.33.58,
569,172.24.33.59,
570,172.24.33.60,
571,172.24.33.61,
572,172.24.33.62,
573,172.24.33.63,
574,172.24.33.64,
575,172.24.33.65,
576,172.24.33.66,
577,172.24.33.67,
578,172.24.33.68,
579,172.24.33.69,
580,172.24.33.70,
581,172.24.33.71,
582,172.24.33.72,
583,172.24.33.73,
584,172.24.33.74,
585,172.24.33.75,
586,172.24.33.76,
587,172.24.33.77,
588,172.24.33.78,
589,172.24.33.79,
590,172.24.33.80,
591,172.24.33.81,
592,172.24.33.82,
593,172.24.33.83,
594,172.24.33.84,
595,172.24.33.85,113
596,172.24.33.86,
597,172.24.33.87,
598,172.24.33.88,
599,172.24.33.89,
600,172.24.33.90,
601,172.24.33.91,
602,172.24.33.92,
603,172.24.33.93,
604,172.24.33.94,
605,172.24.33.95,
606,172.24.33.96,
607,172.24.33.97,
608,172.24.33.98,
609,172.24.33.99,
610,172.24.33.100,
611,172.24.33.101,
612,172.24.33.102,
613,172.24.33.103,
614,172.24.33.104,
615,172.24.33.105,
616,172.24.33.106,119
617,172.24.33.107,
618,172.24.33.108,
619,172.24.33.109,
620,172.24.33.110,121
621,172.24.33.111,114
622,172.24.33.112,122
623,172.24.33.113,124
624,172.24.33.114,
625,172.24.33.115,117
626,172.24.33.116,
627,172.24.33.117,118
628,172.24.33.118,
629,172.24.33.119,
630,172.24.33.120,107
631,172.24.33.121,
632,172.24.33.122,
633,172.24.33.123,
634,172.24.33.124,
635,172.24.33.125,
636,172.24.33.126,
637,172.24.33.127,
638,172.24.33.128,108
639,172.24.33.129,
640,172.24.33.130,
641,172.24.33.131,
642,172.24.33.132,
643,172.24.33.133,127
644,172.24.33.134,
645,172.24.33.135,123
646,172.24.33.136,
647,172.24.33.137,
648,172.24.33.138,
649,172.24.33.139,
650,172.24.33.140,
651,172.24.33.141,109
652,172.24.33.142,125
653,172.24.33.143,
654,172.24.33.144,
655,172.24.33.145,
656,172.24.33.146,
657,172.24.33.147,
658,172.24.33.148,
659,172.24.33.149,
660,172.24.33.150,110
661,172.24.33.151,116
662,172.24.33.152,
663,172.24.33.153,
664,172.24.33.154,
665,172.24.33.155,126
666,172.24.33.156,
667,172.24.33.157,
668,172.24.33.158,
669,172.24.33.159,
670,172.24.33.160,
671,172.24.33.161,
672,172.24.33.162,
673,172.24.33.163,
674,172.24.33.164,
675,172.24.33.165,
676,172.24.33.166,
677,172.24.33.167,
678,172.24.33.168,
679,172.24.33.169,
680,172.24.33.170,
681,172.24.33.171,
682,172.24.33.172,
683,172.24.33.173,
684,172.24.33.174,
685,172.24.33.175,
686,172.24.33.176,
687,172.24.33.177,
688,172.24.33.178,
689,172.24.33.179,
690,172.24.33.180,
691,172.24.33.181,
692,172.24.33.182,
693,172.24.33.183,
694,172.24.33.184,
695,172.24.33.185,
696,172.24.33.186,
697,172.24.33.187,
698,172.24.33.188,
699,172.24.33.189,
700,172.24.33.190,
701,172.24.33.191,111
702,172.24.33.192,
703,172.24.33.193,
704,172.24.33.194,
705,172.24.33.195,
706,172.24.33.196,
707,172.24.33.197,
708,172.24.33.198,
709,172.24.33.199,
710,172.24.33.200,
711,172.24.33.201,
712,172.24.33.202,
713,172.24.33.203,
714,172.24.33.204,
715,172.24.33.205,
716,172.24.33.206,
717,172.24.33.207,
718,172.24.33.208,
719,172.24.33.209,
720,172.24.33.210,
721,172.24.33.211,
722,172.24.33.212,
723,172.24.33.213,
724,172.24.33.214,
725,172.24.33.215,
726,172.24.33.216,
727,172.24.33.217,
728,172.24.33.218,
729,172.24.33.219,
730,172.24.33.220,
731,172.24.33.221,
732,172.24.33.222,
733,172.24.33.223,120
734,172.24.33.224,
735,172.24.33.225,
736,172.24.33.226,
737,172.24.33.227,
738,172.24.33.228,
739,172.24.33.229,
740,172.24.33.230,
741,172.24.33.231,
742,172.24.33.232,
743,172.24.33.233,
744,172.24.33.234,
745,172.24.33.235,
746,172.24.33.236,
747,172.24.33.237,
748,172.24.33.238,
749,172.24.33.239,
750,172.24.33.240,
751,172.24.33.241,
752,172.24.33.242,
753,172.24.33.243,
754,172.24.33.244,
755,172.24.33.245,
756,172.24.33.246,
757,172.24.33.247,
758,172.24.33.248,
759,172.24.33.249,
760,172.24.33.250,
761,172.24.33.251,
762,172.24.33.252,
763,172.24.33.253,
764,172.24.33.254,
765,,
766,172.24.35.1,
767,172.24.35.2,
768,172.24.35.3,
769,172.24.35.4,
770,172.24.35.5,
771,172.24.35.6,
772,172.24.35.7,
773,172.24.35.8,
774,172.24.35.9,
775,172.24.35.10,
776,172.24.35.11,
777,172.24.35.12,
778,172.24.35.13,
779,172.24.35.14,
780,172.24.35.15,
781,172.24.35.16,
782,172.24.35.17,
783,172.24.35.18,
784,172.24.35.19,
785,172.24.35.20,
786,172.24.35.21,
787,172.24.35.22,
788,172.24.35.23,
789,172.24.35.24,
790,172.24.35.25,
791,172.24.35.26,
792,172.24.35.27,
793,172.24.35.28,
794,172.24.35.29,
795,172.24.35.30,
796,172.24.35.31,
797,172.24.35.32,
798,172.24.35.33,
799,172.24.35.34,
800,172.24.35.35,
801,172.24.35.36,
802,172.24.35.37,
803,172.24.35.38,
804,172.24.35.39,
805,172.24.35.40,
806,172.24.35.41,
807,172.24.35.42,
808,172.24.35.43,
809,172.24.35.44,
810,172.24.35.45,
811,172.24.35.46,
812,172.24.35.47,
813,172.24.35.48,
814,172.24.35.49,
815,172.24.35.50,
816,172.24.35.51,
817,172.24.35.52,
818,172.24.35.53,
819,172.24.35.54,
820,172.24.35.55,
821,172.24.35.56,
822,172.24.35.57,
823,172.24.35.58,
824,172.24.35.59,
825,172.24.35.60,
826,172.24.35.61,
827,172.24.35.62,
828,172.24.35.63,
829,172.24.35.64,
830,172.24.35.65,
831,172.24.35.66,
832,172.24.35.67,
833,172.24.35.68,
834,172.24.35.69,
835,172.24.35.70,112
836,172.24.35.71,
837,172.24.35.72,
838,172.24.35.73,
839,172.24.35.74,
840,172.24.35.75,
841,172.24.35.76,
842,172.24.35.77,
843,172.24.35.78,
844,172.24.35.79,
845,172.24.35.80,
846,172.24.35.81,
847,172.24.35.82,
848,172.24.35.83,
849,172.24.35.84,
850,172.24.35.85,
851,172.24.35.86,
852,172.24.35.87,
853,172.24.35.88,
854,172.24.35.89,
855,172.24.35.90,
856,172.24.35.91,
857,172.24.35.92,
858,172.24.35.93,
859,172.24.35.94,
860,172.24.35.95,
861,172.24.35.96,
862,172.24.35.97,
863,172.24.35.98,
864,172.24.35.99,
865,172.24.35.100,
866,172.24.35.101,
867,172.24.35.102,
868,172.24.35.103,
869,172.24.35.104,
870,172.24.35.105,
871,172.24.35.106,
872,172.24.35.107,
873,172.24.35.108,
874,172.24.35.109,
875,172.24.35.110,
876,172.24.35.111,
877,172.24.35.112,
878,172.24.35.113,
879,172.24.35.114,
880,172.24.35.115,
881,172.24.35.116,
882,172.24.35.117,
883,172.24.35.118,
884,172.24.35.119,
885,172.24.35.120,
886,172.24.35.121,
887,172.24.35.122,
888,172.24.35.123,
889,172.24.35.124,
890,172.24.35.125,
891,172.24.35.126,
892,172.24.35.127,
893,172.24.35.128,
894,172.24.35.129,
895,172.24.35.130,
896,172.24.35.131,
897,172.24.35.132,
898,172.24.35.133,
899,172.24.35.134,
900,172.24.35.135,
901,172.24.35.136,
902,172.24.35.137,
903,172.24.35.138,
904,172.24.35.139,
905,172.24.35.140,
906,172.24.35.141,
907,172.24.35.142,
908,172.24.35.143,
909,172.24.35.144,
910,172.24.35.145,
911,172.24.35.146,
912,172.24.35.147,
913,172.24.35.148,
914,172.24.35.149,
915,172.24.35.150,
916,172.24.35.151,
917,172.24.35.152,
918,172.24.35.153,
919,172.24.35.154,
920,172.24.35.155,
921,172.24.35.156,
922,172.24.35.157,
923,172.24.35.158,
924,172.24.35.159,
925,172.24.35.160,
926,172.24.35.161,
927,172.24.35.162,
928,172.24.35.163,
929,172.24.35.164,
930,172.24.35.165,
931,172.24.35.166,
932,172.24.35.167,
933,172.24.35.168,
934,172.24.35.169,
935,172.24.35.170,
936,172.24.35.171,
937,172.24.35.172,
938,172.24.35.173,
939,172.24.35.174,
940,172.24.35.175,
941,172.24.35.176,
942,172.24.35.177,
943,172.24.35.178,
944,172.24.35.179,
945,172.24.35.180,
946,172.24.35.181,
947,172.24.35.182,
948,172.24.35.183,
949,172.24.35.184,
950,172.24.35.185,
951,172.24.35.186,
952,172.24.35.187,
953,172.24.35.188,
954,172.24.35.189,
955,172.24.35.190,
956,172.24.35.191,
957,172.24.35.192,
958,172.24.35.193,
959,172.24.35.194,
960,172.24.35.195,
961,172.24.35.196,
962,172.24.35.197,
963,172.24.35.198,
964,172.24.35.199,
965,172.24.35.200,
966,172.24.35.201,
967,172.24.35.202,
968,172.24.35.203,
969,172.24.35.204,
970,172.24.35.205,
971,172.24.35.206,
972,172.24.35.207,
973,172.24.35.208,
974,172.24.35.209,
975,172.24.35.210,
976,172.24.35.211,
977,172.24.35.212,
978,172.24.35.213,
979,172.24.35.214,
980,172.24.35.215,
981,172.24.35.216,
982,172.24.35.217,
983,172.24.35.218,
984,172.24.35.219,
985,172.24.35.220,
986,172.24.35.221,
987,172.24.35.222,
988,172.24.35.223,
989,172.24.35.224,
990,172.24.35.225,
991,172.24.35.226,
992,172.24.35.227,
993,172.24.35.228,
994,172.24.35.229,
995,172.24.35.230,
996,172.24.35.231,
997,172.24.35.232,
998,172.24.35.233,
999,172.24.35.234,
1000,172.24.35.235,
1001,172.24.35.236,
1002,172.24.35.237,
1003,172.24.35.238,
1004,172.24.35.239,
1005,172.24.35.240,
1006,172.24.35.241,
1007,172.24.35.242,
1008,172.24.35.243,
1009,172.24.35.244,
1010,172.24.35.245,
1011,172.24.35.246,
1012,172.24.35.247,
1013,172.24.35.248,
1014,172.24.35.249,
1015,172.24.35.250,
1016,172.24.35.251,
1017,172.24.35.252,
1018,172.24.35.253,
1019,172.24.35.254,
1020,172.22.36.1,
1021,172.22.36.2,
1022,172.22.36.3,
1023,172.22.36.4,
1024,172.22.36.5,
1025,172.22.36.6,
1026,172.22.36.7,
1027,172.22.36.8,
1028,172.22.36.9,
1029,172.22.36.10,
1030,172.22.36.11,
1031,172.22.36.12,
1032,172.22.36.13,
1033,172.22.36.14,
1034,172.22.36.15,
1035,172.22.36.16,
1036,172.22.36.17,
1037,172.22.36.18,
1038,172.22.36.19,
1039,172.22.36.20,
1040,172.22.36.21,
1041,172.22.36.22,
1042,172.22.36.23,
1043,172.22.36.24,
1044,172.22.36.25,
1045,172.22.36.26,
1046,172.22.36.27,
1047,172.22.36.28,
1048,172.22.36.29,
1049,172.22.36.30,
1050,172.22.36.31,
1051,172.22.36.32,
1052,172.22.36.33,
1053,172.22.36.34,
1054,172.22.36.35,
1055,172.22.36.36,
1056,172.22.36.37,
1057,172.22.36.38,
1058,172.22.36.39,
1059,172.22.36.40,
1060,172.22.36.41,
1061,172.22.36.42,
1062,172.22.36.43,
1063,172.22.36.44,
1064,172.22.36.45,
1065,172.22.36.46,
1066,172.22.36.47,
1067,172.22.36.48,
1068,172.22.36.49,
1069,172.22.36.50,
1070,172.22.36.51,
1071,172.22.36.52,
1072,172.22.36.53,
1073,172.22.36.54,
1074,172.22.36.55,
1075,172.22.36.56,
1076,172.22.36.57,
1077,172.22.36.58,
1078,172.22.36.59,
1079,172.22.36.60,
1080,172.22.36.61,
1081,172.22.36.62,
1082,172.22.36.63,
1083,172.22.36.64,
1084,172.22.36.65,
1085,172.22.36.66,
1086,172.22.36.67,
1087,172.22.36.68,
1088,172.22.36.69,
1089,172.22.36.70,
1090,172.22.36.71,
1091,172.22.36.72,
1092,172.22.36.73,
1093,172.22.36.74,
1094,172.22.36.75,
1095,172.22.36.76,
1096,172.22.36.77,
1097,172.22.36.78,
1098,172.22.36.79,
1099,172.22.36.80,
1100,172.22.36.81,
1101,172.22.36.82,
1102,172.22.36.83,
1103,172.22.36.84,
1104,172.22.36.85,
1105,172.22.36.86,
1106,172.22.36.87,
1107,172.22.36.88,
1108,172.22.36.89,
1109,172.22.36.90,
1110,172.22.36.91,
1111,172.22.36.92,
1112,172.22.36.93,
1113,172.22.36.94,
1114,172.22.36.95,
1115,172.22.36.96,
1116,172.22.36.97,
1117,172.22.36.98,
1118,172.22.36.99,
1119,172.22.36.100,
1120,172.22.36.101,
1121,172.22.36.102,
1122,172.22.36.103,
1123,172.22.36.104,
1124,172.22.36.105,
1125,172.22.36.106,
1126,172.22.36.107,
1127,172.22.36.108,
1128,172.22.36.109,
1129,172.22.36.110,
1130,172.22.36.111,
1131,172.22.36.112,
1132,172.22.36.113,
1133,172.22.36.114,
1134,172.22.36.115,
1135,172.22.36.116,
1136,172.22.36.117,
1137,172.22.36.118,
1138,172.22.36.119,
1139,172.22.36.120,
1140,172.22.36.121,
1141,172.22.36.122,
1142,172.22.36.123,
1143,172.22.36.124,
1144,172.22.36.125,
1145,172.22.36.126,
1146,172.22.36.127,
1147,172.22.36.128,
1148,172.22.36.129,
1149,172.22.36.130,
1150,172.22.36.131,
1151,172.22.36.132,
1152,172.22.36.133,
1153,172.22.36.134,
1154,172.22.36.135,
1155,172.22.36.136,
1156,172.22.36.137,
1157,172.22.36.138,
1158,172.22.36.139,
1159,172.22.36.140,
1160,172.22.36.141,
1161,172.22.36.142,
1162,172.22.36.143,
1163,172.22.36.144,
1164,172.22.36.145,
1165,172.22.36.146,
1166,172.22.36.147,
1167,172.22.36.148,
1168,172.22.36.149,
1169,172.22.36.150,
1170,172.22.36.151,
1171,172.22.36.152,
1172,172.22.36.153,
1173,172.22.36.154,
1174,172.22.36.155,
1175,172.22.36.156,
1176,172.22.36.157,
1177,172.22.36.158,
1178,172.22.36.159,
1179,172.22.36.160,
1180,172.22.36.161,
1181,172.22.36.162,
1182,172.22.36.163,
1183,172.22.36.164,
1184,172.22.36.165,
1185,172.22.36.166,
1186,172.22.36.167,
1187,172.22.36.168,
1188,172.22.36.169,
1189,172.22.36.170,
1190,172.22.36.171,
1191,172.22.36.172,
1192,172.22.36.173,
1193,172.22.36.174,
1194,172.22.36.175,
1195,172.22.36.176,
1196,172.22.36.177,
1197,172.22.36.178,
1198,172.22.36.179,
1199,172.22.36.180,
1200,172.22.36.181,
1201,172.22.36.182,
1202,172.22.36.183,
1203,172.22.36.184,
1204,172.22.36.185,
1205,172.22.36.186,
1206,172.22.36.187,
1207,172.22.36.188,
1208,172.22.36.189,
1209,172.22.36.190,
1210,172.22.36.191,
1211,172.22.36.192,
1212,172.22.36.193,
1213,172.22.36.194,
1214,172.22.36.195,
1215,172.22.36.196,
1216,172.22.36.197,
1217,172.22.36.198,
1218,172.22.36.199,
1219,172.22.36.200,
1220,172.22.36.201,
1221,172.22.36.202,
1222,172.22.36.203,
1223,172.22.36.204,
1224,172.22.36.205,
1225,172.22.36.206,
1226,172.22.36.207,
1227,172.22.36.208,
1228,172.22.36.209,
1229,172.22.36.210,
1230,172.22.36.211,
1231,172.22.36.212,
1232,172.22.36.213,
1233,172.22.36.214,
1234,172.22.36.215,
1235,172.22.36.216,
1236,172.22.36.217,
1237,172.22.36.218,
1238,172.22.36.219,
1239,172.22.36.220,
1240,172.22.36.221,
1241,172.22.36.222,
1242,172.22.36.223,
1243,172.22.36.224,
1244,172.22.36.225,
1245,172.22.36.226,
1246,172.22.36.227,
1247,172.22.36.228,
1248,172.22.36.229,
1249,172.22.36.230,
1250,172.22.36.231,
1251,172.22.36.232,
1252,172.22.36.233,
1253,172.22.36.234,
1254,172.22.36.235,
1255,172.22.36.236,
1256,172.22.36.237,
1257,172.22.36.238,
1258,172.22.36.239,
1259,172.22.36.240,
1260,172.22.36.241,
1261,172.22.36.242,
1262,172.22.36.243,
1263,172.22.36.244,
1264,172.22.36.245,
1265,172.22.36.246,
1266,172.22.36.247,
1267,172.22.36.248,
1268,172.22.36.249,
1269,172.22.36.250,
1270,172.22.36.251,
1271,172.22.36.252,
1272,172.22.36.253,
1273,172.22.36.254,
1274,172.22.37.1,
1275,172.22.37.2,
1276,172.22.37.3,
1277,172.22.37.4,
1278,172.22.37.5,
1279,172.22.37.6,
1280,172.22.37.7,
1281,172.22.37.8,
1282,172.22.37.9,
1283,172.22.37.10,
1284,172.22.37.11,
1285,172.22.37.12,
1286,172.22.37.13,
1287,172.22.37.14,
1288,172.22.37.15,
1289,172.22.37.16,
1290,172.22.37.17,
1291,172.22.37.18,
1292,172.22.37.19,
1293,172.22.37.20,
1294,172.22.37.21,
1295,172.22.37.22,
1296,172.22.37.23,
1297,172.22.37.24,
1298,172.22.37.25,
1299,172.22.37.26,
1300,172.22.37.27,
1301,172.22.37.28,
1302,172.22.37.29,
1303,172.22.37.30,
1304,172.22.37.31,
1305,172.22.37.32,
1306,172.22.37.33,
1307,172.22.37.34,
1308,172.22.37.35,
1309,172.22.37.36,
1310,172.22.37.37,
1311,172.22.37.38,
1312,172.22.37.39,
1313,172.22.37.40,
1314,172.22.37.41,
1315,172.22.37.42,
1316,172.22.37.43,
1317,172.22.37.44,
1318,172.22.37.45,
1319,172.22.37.46,
1320,172.22.37.47,
1321,172.22.37.48,
1322,172.22.37.49,
1323,172.22.37.50,
1324,172.22.37.51,
1325,172.22.37.52,
1326,172.22.37.53,
1327,172.22.37.54,
1328,172.22.37.55,
1329,172.22.37.56,
1330,172.22.37.57,
1331,172.22.37.58,
1332,172.22.37.59,
1333,172.22.37.60,
1334,172.22.37.61,
1335,172.22.37.62,
1336,172.22.37.63,
1337,172.22.37.64,
1338,172.22.37.65,
1339,172.22.37.66,
1340,172.22.37.67,
1341,172.22.37.68,
1342,172.22.37.69,
1343,172.22.37.70,
1344,172.22.37.71,
1345,172.22.37.72,
1346,172.22.37.73,
1347,172.22.37.74,
1348,172.22.37.75,
1349,172.22.37.76,
1350,172.22.37.77,
1351,172.22.37.78,
1352,172.22.37.79,
1353,172.22.37.80,
1354,172.22.37.81,
1355,172.22.37.82,
1356,172.22.37.83,
1357,172.22.37.84,
1358,172.22.37.85,
1359,172.22.37.86,
1360,172.22.37.87,
1361,172.22.37.88,
1362,172.22.37.89,
1363,172.22.37.90,
1364,172.22.37.91,
1365,172.22.37.92,
1366,172.22.37.93,
1367,172.22.37.94,
1368,172.22.37.95,
1369,172.22.37.96,
1370,172.22.37.97,
1371,172.22.37.98,
1372,172.22.37.99,
1373,172.22.37.100,
1374,172.22.37.101,
1375,172.22.37.102,
1376,172.22.37.103,
1377,172.22.37.104,
1378,172.22.37.105,
1379,172.22.37.106,
1380,172.22.37.107,
1381,172.22.37.108,
1382,172.22.37.109,
1383,172.22.37.110,
1384,172.22.37.111,
1385,172.22.37.112,
1386,172.22.37.113,
1387,172.22.37.114,
1388,172.22.37.115,
1389,172.22.37.116,
1390,172.22.37.117,
1391,172.22.37.118,
1392,172.22.37.119,
1393,172.22.37.120,
1394,172.22.37.121,
1395,172.22.37.122,
1396,172.22.37.123,
1397,172.22.37.124,
1398,172.22.37.125,
1399,172.22.37.126,
1400,172.22.37.127,
1401,172.22.37.128,
1402,172.22.37.129,
1403,172.22.37.130,
1404,172.22.37.131,
1405,172.22.37.132,
1406,172.22.37.133,
1407,172.22.37.134,
1408,172.22.37.135,
1409,172.22.37.136,
1410,172.22.37.137,
1411,172.22.37.138,
1412,172.22.37.139,
1413,172.22.37.140,
1414,172.22.37.141,
1415,172.22.37.142,
1416,172.22.37.143,
1417,172.22.37.144,
1418,172.22.37.145,
1419,172.22.37.146,
1420,172.22.37.147,
1421,172.22.37.148,
1422,172.22.37.149,
1423,172.22.37.150,
1424,172.22.37.151,
1425,172.22.37.152,
1426,172.22.37.153,
1427,172.22.37.154,
1428,172.22.37.155,
1429,172.22.37.156,
1430,172.22.37.157,
1431,172.22.37.158,
1432,172.22.37.159,
1433,172.22.37.160,
1434,172.22.37.161,
1435,172.22.37.162,
1436,172.22.37.163,
1437,172.22.37.164,
1438,172.22.37.165,
1439,172.22.37.166,
1440,172.22.37.167,
1441,172.22.37.168,
1442,172.22.37.169,
1443,172.22.37.170,
1444,172.22.37.171,
1445,172.22.37.172,
1446,172.22.37.173,
1447,172.22.37.174,
1448,172.22.37.175,
1449,172.22.37.176,
1450,172.22.37.177,
1451,172.22.37.178,
1452,172.22.37.179,
1453,172.22.37.180,
1454,172.22.37.181,
1455,172.22.37.182,
1456,172.22.37.183,
1457,172.22.37.184,
1458,172.22.37.185,
1459,172.22.37.186,
1460,172.22.37.187,
1461,172.22.37.188,
1462,172.22.37.189,
1463,172.22.37.190,
1464,172.22.37.191,
1465,172.22.37.192,
1466,172.22.37.193,
1467,172.22.37.194,
1468,172.22.37.195,
1469,172.22.37.196,
1470,172.22.37.197,
1471,172.22.37.198,
1472,172.22.37.199,
1473,172.22.37.200,
1474,172.22.37.201,
1475,172.22.37.202,
1476,172.22.37.203,
1477,172.22.37.204,
1478,172.22.37.205,
1479,172.22.37.206,
1480,172.22.37.207,
1481,172.22.37.208,
1482,172.22.37.209,
1483,172.22.37.210,
1484,172.22.37.211,
1485,172.22.37.212,
1486,172.22.37.213,
1487,172.22.37.214,
1488,172.22.37.215,
1489,172.22.37.216,
1490,172.22.37.217,
1491,172.22.37.218,
1492,172.22.37.219,
1493,172.22.37.220,
1494,172.22.37.221,
1495,172.22.37.222,
1496,172.22.37.223,
1497,172.22.37.224,
1498,172.22.37.225,
1499,172.22.37.226,
1500,172.22.37.227,
1501,172.22.37.228,
1502,172.22.37.229,
1503,172.22.37.230,
1504,172.22.37.231,
1505,172.22.37.232,
1506,172.22.37.233,
1507,172.22.37.234,
1508,172.22.37.235,
1509,172.22.37.236,
1510,172.22.37.237,
1511,172.22.37.238,
1512,172.22.37.239,
1513,172.22.37.240,
1514,172.22.37.241,
1515,172.22.37.242,
1516,172.22.37.243,
1517,172.22.37.244,
1518,172.22.37.245,
1519,172.22.37.246,
1520,172.22.37.247,
1521,172.22.37.248,
1522,172.22.37.249,
1523,172.22.37.250,
1524,172.22.37.251,
1525,172.22.37.252,
1526,172.22.37.253,
1527,172.22.37.254,
1528,172.22.38.1,
1529,172.22.38.2,
1530,172.22.38.3,
1531,172.22.38.4,
1532,172.22.38.5,
1533,172.22.38.6,
1534,172.22.38.7,
1535,172.22.38.8,
1536,172.22.38.9,
1537,172.22.38.10,
1538,172.22.38.11,
1539,172.22.38.12,
1540,172.22.38.13,
1541,172.22.38.14,
1542,172.22.38.15,
1543,172.22.38.16,
1544,172.22.38.17,
1545,172.22.38.18,
1546,172.22.38.19,
1547,172.22.38.20,
1548,172.22.38.21,
1549,172.22.38.22,
1550,172.22.38.23,
1551,172.22.38.24,
1552,172.22.38.25,
1553,172.22.38.26,
1554,172.22.38.27,
1555,172.22.38.28,
1556,172.22.38.29,
1557,172.22.38.30,
1558,172.22.38.31,
1559,172.22.38.32,
1560,172.22.38.33,
1561,172.22.38.34,
1562,172.22.38.35,
1563,172.22.38.36,
1564,172.22.38.37,
1565,172.22.38.38,
1566,172.22.38.39,
1567,172.22.38.40,
1568,172.22.38.41,
1569,172.22.38.42,
1570,172.22.38.43,
1571,172.22.38.44,
1572,172.22.38.45,
1573,172.22.38.46,
1574,172.22.38.47,
1575,172.22.38.48,
1576,172.22.38.49,
1577,172.22.38.50,
1578,172.22.38.51,
1579,172.22.38.52,
1580,172.22.38.53,
1581,172.22.38.54,
1582,172.22.38.55,
1583,172.22.38.56,
1584,172.22.38.57,
1585,172.22.38.58,
1586,172.22.38.59,
1587,172.22.38.60,
1588,172.22.38.61,
1589,172.22.38.62,
1590,172.22.38.63,
1591,172.22.38.64,
1592,172.22.38.65,
1593,172.22.38.66,
1594,172.22.38.67,
1595,172.22.38.68,
1596,172.22.38.69,
1597,172.22.38.70,
1598,172.22.38.71,
1599,172.22.38.72,
1600,172.22.38.73,
1601,172.22.38.74,
1602,172.22.38.75,
1603,172.22.38.76,
1604,172.22.38.77,
1605,172.22.38.78,
1606,172.22.38.79,
1607,172.22.38.80,
1608,172.22.38.81,
1609,172.22.38.82,
1610,172.22.38.83,
1611,172.22.38.84,
1612,172.22.38.85,
1613,172.22.38.86,
1614,172.22.38.87,
1615,172.22.38.88,
1616,172.22.38.89,
1617,172.22.38.90,
1618,172.22.38.91,
1619,172.22.38.92,
1620,172.22.38.93,
1621,172.22.38.94,
1622,172.22.38.95,
1623,172.22.38.96,
1624,172.22.38.97,
1625,172.22.38.98,
1626,172.22.38.99,
1627,172.22.38.100,
1628,172.22.38.101,
1629,172.22.38.102,
1630,172.22.38.103,
1631,172.22.38.104,
1632,172.22.38.105,
1633,172.22.38.106,
1634,172.22.38.107,
1635,172.22.38.108,
1636,172.22.38.109,
1637,172.22.38.110,
1638,172.22.38.111,
1639,172.22.38.112,
1640,172.22.38.113,
1641,172.22.38.114,
1642,172.22.38.115,
1643,172.22.38.116,
1644,172.22.38.117,
1645,172.22.38.118,
1646,172.22.38.119,
1647,172.22.38.120,
1648,172.22.38.121,
1649,172.22.38.122,
1650,172.22.38.123,
1651,172.22.38.124,
1652,172.22.38.125,
1653,172.22.38.126,
1654,172.22.38.127,
1655,172.22.38.128,
1656,172.22.38.129,
1657,172.22.38.130,
1658,172.22.38.131,
1659,172.22.38.132,
1660,172.22.38.133,
1661,172.22.38.134,
1662,172.22.38.135,
1663,172.22.38.136,
1664,172.22.38.137,
1665,172.22.38.138,
1666,172.22.38.139,
1667,172.22.38.140,
1668,172.22.38.141,
1669,172.22.38.142,
1670,172.22.38.143,
1671,172.22.38.144,
1672,172.22.38.145,
1673,172.22.38.146,
1674,172.22.38.147,
1675,172.22.38.148,
1676,172.22.38.149,
1677,172.22.38.150,
1678,172.22.38.151,
1679,172.22.38.152,
1680,172.22.38.153,
1681,172.22.38.154,
1682,172.22.38.155,
1683,172.22.38.156,
1684,172.22.38.157,
1685,172.22.38.158,
1686,172.22.38.159,
1687,172.22.38.160,
1688,172.22.38.161,
1689,172.22.38.162,
1690,172.22.38.163,
1691,172.22.38.164,
1692,172.22.38.165,
1693,172.22.38.166,
1694,172.22.38.167,
1695,172.22.38.168,
1696,172.22.38.169,
1697,172.22.38.170,
1698,172.22.38.171,
1699,172.22.38.172,
1700,172.22.38.173,
1701,172.22.38.174,
1702,172.22.38.175,
1703,172.22.38.176,
1704,172.22.38.177,
1705,172.22.38.178,
1706,172.22.38.179,
1707,172.22.38.180,
1708,172.22.38.181,
1709,172.22.38.182,
1710,172.22.38.183,
1711,172.22.38.184,
1712,172.22.38.185,
1713,172.22.38.186,
1714,172.22.38.187,
1715,172.22.38.188,
1716,172.22.38.189,
1717,172.22.38.190,
1718,172.22.38.191,
1719,172.22.38.192,
1720,172.22.38.193,
1721,172.22.38.194,
1722,172.22.38.195,
1723,172.22.38.196,
1724,172.22.38.197,
1725,172.22.38.198,
1726,172.22.38.199,
1727,172.22.38.200,
1728,172.22.38.201,
1729,172.22.38.202,
1730,172.22.38.203,
1731,172.22.38.204,
1732,172.22.38.205,
1733,172.22.38.206,
1734,172.22.38.207,
1735,172.22.38.208,
1736,172.22.38.209,
1737,172.22.38.210,
1738,172.22.38.211,
1739,172.22.38.212,
1740,172.22.38.213,
1741,172.22.38.214,
1742,172.22.38.215,
1743,172.22.38.216,
1744,172.22.38.217,
1745,172.22.38.218,
1746,172.22.38.219,
1747,172.22.38.220,
1748,172.22.38.221,
1749,172.22.38.222,
1750,172.22.38.223,
1751,172.22.38.224,
1752,172.22.38.225,
1753,172.22.38.226,
1754,172.22.38.227,
1755,172.22.38.228,
1756,172.22.38.229,
1757,172.22.38.230,
1758,172.22.38.231,
1759,172.22.38.232,
1760,172.22.38.233,
1761,172.22.38.234,
1762,172.22.38.235,
1763,172.22.38.236,
1764,172.22.38.237,
1765,172.22.38.238,
1766,172.22.38.239,
1767,172.22.38.240,
1768,172.22.38.241,
1769,172.22.38.242,
1770,172.22.38.243,
1771,172.22.38.244,
1772,172.22.38.245,
1773,172.22.38.246,
1774,172.22.38.247,
1775,172.22.38.248,
1776,172.22.38.249,
1777,172.22.38.250,
1778,172.22.38.251,
1779,172.22.38.252,
1780,172.22.38.253,
1781,172.22.38.254,
